[
{
    "pk": 1, 
    "model": "portfolios.portfolio", 
    "fields": {
        "date_updated": "2013-01-19T22:06:56.933Z", 
        "date_created": "2013-01-19T22:06:56.933Z", 
        "user": 2, 
        "name": "Balanced Portfolio"
    }
},
{
    "pk": 2, 
    "model": "portfolios.portfolio", 
    "fields": {
        "date_updated": "2013-01-19T22:07:12.426Z", 
        "date_created": "2013-01-19T22:07:12.426Z", 
        "user": 2, 
        "name": "Just Watching"
    }
},
{
    "pk": 3, 
    "model": "portfolios.portfolio", 
    "fields": {
        "date_updated": "2013-01-19T22:07:22.944Z", 
        "date_created": "2013-01-19T22:07:22.944Z", 
        "user": 2, 
        "name": "Cash Money Millionaries"
    }
},
{
    "pk": 4, 
    "model": "portfolios.portfolio", 
    "fields": {
        "date_updated": "2013-01-19T22:07:36.417Z", 
        "date_created": "2013-01-19T22:07:36.417Z", 
        "user": 3, 
        "name": "Portfolio"
    }
},
{
    "pk": 5, 
    "model": "portfolios.portfolio", 
    "fields": {
        "date_updated": "2013-01-19T22:32:48.916Z", 
        "date_created": "2013-01-19T22:07:52.849Z", 
        "user": 3, 
        "name": "Blue Chips"
    }
},
{
    "pk": 33, 
    "model": "portfolios.portfolio", 
    "fields": {
        "date_updated": "2013-03-08T00:20:54.373Z", 
        "date_created": "2013-03-08T00:20:54.373Z", 
        "user": 2, 
        "name": "Empty Portfolio"
    }
},
{
    "pk": 34, 
    "model": "portfolios.portfolio", 
    "fields": {
        "date_updated": "2013-03-08T00:52:30.003Z", 
        "date_created": "2013-03-08T00:52:30.003Z", 
        "user": 2, 
        "name": "Poor Performer"
    }
},
{
    "pk": 1, 
    "model": "portfolios.holding", 
    "fields": {
        "date_updated": "2013-01-20T02:31:14.075Z", 
        "date_created": "2013-01-20T02:31:14.075Z", 
        "stock": 6268, 
        "portfolio": 1
    }
},
{
    "pk": 2, 
    "model": "portfolios.holding", 
    "fields": {
        "date_updated": "2013-01-20T02:32:15.708Z", 
        "date_created": "2013-01-20T02:32:15.708Z", 
        "stock": 6429, 
        "portfolio": 1
    }
},
{
    "pk": 3, 
    "model": "portfolios.holding", 
    "fields": {
        "date_updated": "2013-01-20T02:32:33.946Z", 
        "date_created": "2013-01-20T02:32:33.946Z", 
        "stock": 8142, 
        "portfolio": 1
    }
},
{
    "pk": 11, 
    "model": "portfolios.holding", 
    "fields": {
        "date_updated": "2013-02-07T18:14:36.789Z", 
        "date_created": "2013-02-07T18:14:36.789Z", 
        "stock": 964, 
        "portfolio": 1
    }
},
{
    "pk": 20, 
    "model": "portfolios.holding", 
    "fields": {
        "date_updated": "2013-02-28T00:02:13.379Z", 
        "date_created": "2013-02-28T00:02:13.379Z", 
        "stock": 1512, 
        "portfolio": 2
    }
},
{
    "pk": 21, 
    "model": "portfolios.holding", 
    "fields": {
        "date_updated": "2013-02-28T00:05:46.702Z", 
        "date_created": "2013-02-28T00:05:46.702Z", 
        "stock": 6542, 
        "portfolio": 2
    }
},
{
    "pk": 26, 
    "model": "portfolios.holding", 
    "fields": {
        "date_updated": "2013-03-08T20:33:15.916Z", 
        "date_created": "2013-03-08T20:33:15.916Z", 
        "stock": 7917, 
        "portfolio": 34
    }
},
{
    "pk": 1, 
    "model": "portfolios.transaction", 
    "fields": {
        "comment": "Initial purchase", 
        "date_transacted": "2011-07-07T08:00:00Z", 
        "date_updated": "2013-02-05T06:36:26.834Z", 
        "value": "27.50", 
        "commission": "29.00", 
        "holding": 1, 
        "date_created": "2013-02-05T06:36:26.834Z", 
        "type": 5, 
        "quantity": "35.00000"
    }
},
{
    "pk": 2, 
    "model": "portfolios.transaction", 
    "fields": {
        "comment": null, 
        "date_transacted": "2011-12-28T08:00:00Z", 
        "date_updated": "2013-02-05T06:37:13.863Z", 
        "value": "15.00", 
        "commission": "29.00", 
        "holding": 1, 
        "date_created": "2013-02-05T06:37:13.863Z", 
        "type": 5, 
        "quantity": "31.00000"
    }
},
{
    "pk": 3, 
    "model": "portfolios.transaction", 
    "fields": {
        "comment": null, 
        "date_transacted": "2012-07-24T08:00:00Z", 
        "date_updated": "2013-02-05T06:37:46.475Z", 
        "value": "7.27", 
        "commission": "29.00", 
        "holding": 1, 
        "date_created": "2013-02-05T06:37:46.475Z", 
        "type": 5, 
        "quantity": "68.00000"
    }
},
{
    "pk": 4, 
    "model": "portfolios.transaction", 
    "fields": {
        "comment": null, 
        "date_transacted": "2012-12-27T08:00:00Z", 
        "date_updated": "2013-02-05T06:38:18.199Z", 
        "value": "11.56", 
        "commission": "29.00", 
        "holding": 1, 
        "date_created": "2013-02-05T06:38:18.199Z", 
        "type": 5, 
        "quantity": "42.00000"
    }
},
{
    "pk": 5, 
    "model": "portfolios.transaction", 
    "fields": {
        "comment": null, 
        "date_transacted": "2013-01-23T08:00:00Z", 
        "date_updated": "2013-02-05T06:39:13.537Z", 
        "value": "17.41", 
        "commission": "29.00", 
        "holding": 1, 
        "date_created": "2013-02-05T06:39:13.537Z", 
        "type": 5, 
        "quantity": "27.00000"
    }
},
{
    "pk": 6, 
    "model": "portfolios.transaction", 
    "fields": {
        "comment": "Initial purchase", 
        "date_transacted": "2012-03-18T16:34:42Z", 
        "date_updated": "2013-01-30T05:52:42.532Z", 
        "value": "58.58", 
        "commission": "29.99", 
        "holding": 2, 
        "date_created": "2013-01-30T05:52:42.532Z", 
        "type": 5, 
        "quantity": "50.00000"
    }
},
{
    "pk": 7, 
    "model": "portfolios.transaction", 
    "fields": {
        "comment": null, 
        "date_transacted": "2012-04-08T19:42:11Z", 
        "date_updated": "2013-01-30T06:01:04.170Z", 
        "value": "56.08", 
        "commission": "0.00", 
        "holding": 2, 
        "date_created": "2013-01-30T05:53:30.989Z", 
        "type": 5, 
        "quantity": "110.00000"
    }
},
{
    "pk": 8, 
    "model": "portfolios.transaction", 
    "fields": {
        "comment": null, 
        "date_transacted": "2012-05-30T20:55:44Z", 
        "date_updated": "2013-01-30T06:01:15.372Z", 
        "value": "49.16", 
        "commission": "0.00", 
        "holding": 2, 
        "date_created": "2013-01-30T05:54:32.558Z", 
        "type": 5, 
        "quantity": "200.00000"
    }
},
{
    "pk": 9, 
    "model": "portfolios.transaction", 
    "fields": {
        "comment": null, 
        "date_transacted": "2013-01-24T20:00:00Z", 
        "date_updated": "2013-01-30T05:56:01.253Z", 
        "value": "51.50", 
        "commission": "29.99", 
        "holding": 2, 
        "date_created": "2013-01-30T05:56:01.253Z", 
        "type": 5, 
        "quantity": "78.00000"
    }
},
{
    "pk": 10, 
    "model": "portfolios.transaction", 
    "fields": {
        "comment": null, 
        "date_transacted": "2012-10-05T18:23:11Z", 
        "date_updated": "2013-01-30T06:02:47.415Z", 
        "value": "58.69", 
        "commission": "0.00", 
        "holding": 2, 
        "date_created": "2013-01-30T06:02:47.415Z", 
        "type": 5, 
        "quantity": "65.00000"
    }
},
{
    "pk": 11, 
    "model": "portfolios.transaction", 
    "fields": {
        "comment": null, 
        "date_transacted": "2012-11-14T22:55:22Z", 
        "date_updated": "2013-01-30T06:03:37.742Z", 
        "value": "55.11", 
        "commission": "0.00", 
        "holding": 2, 
        "date_created": "2013-01-30T06:03:37.742Z", 
        "type": 5, 
        "quantity": "134.00000"
    }
},
{
    "pk": 12, 
    "model": "portfolios.transaction", 
    "fields": {
        "comment": null, 
        "date_transacted": "2012-12-21T23:04:21Z", 
        "date_updated": "2013-01-30T06:32:26.964Z", 
        "value": "60.88", 
        "commission": "0.00", 
        "holding": 2, 
        "date_created": "2013-01-30T06:04:24.834Z", 
        "type": 5, 
        "quantity": "180.00000"
    }
},
{
    "pk": 13, 
    "model": "portfolios.transaction", 
    "fields": {
        "comment": "", 
        "date_transacted": "2012-06-12T06:33:50Z", 
        "date_updated": "2013-01-31T07:36:10.780Z", 
        "value": "19.88", 
        "commission": "0.00", 
        "holding": 3, 
        "date_created": "2013-01-31T07:34:16.090Z", 
        "type": 5, 
        "quantity": "100.00000"
    }
},
{
    "pk": 14, 
    "model": "portfolios.transaction", 
    "fields": {
        "comment": "", 
        "date_transacted": "2012-08-26T06:34:23Z", 
        "date_updated": "2013-01-31T07:36:22.816Z", 
        "value": "0.00", 
        "commission": "0.00", 
        "holding": 3, 
        "date_created": "2013-01-31T07:34:36.157Z", 
        "type": 1, 
        "quantity": "-10.00000"
    }
},
{
    "pk": 15, 
    "model": "portfolios.transaction", 
    "fields": {
        "comment": "", 
        "date_transacted": "2012-09-15T06:35:10Z", 
        "date_updated": "2013-01-31T07:37:24.626Z", 
        "value": "20.02", 
        "commission": "0.00", 
        "holding": 3, 
        "date_created": "2013-01-31T07:35:24.007Z", 
        "type": 5, 
        "quantity": "25.00000"
    }
},
{
    "pk": 16, 
    "model": "portfolios.transaction", 
    "fields": {
        "comment": "", 
        "date_transacted": "2012-11-23T07:35:30Z", 
        "date_updated": "2013-01-31T07:36:58.498Z", 
        "value": "0.00", 
        "commission": "0.00", 
        "holding": 2, 
        "date_created": "2013-01-31T07:35:52.623Z", 
        "type": 0, 
        "quantity": "0.65562"
    }
},
{
    "pk": 17, 
    "model": "portfolios.transaction", 
    "fields": {
        "comment": "", 
        "date_transacted": "2011-12-31T07:39:53Z", 
        "date_updated": "2013-01-31T07:40:31.673Z", 
        "value": "17.88", 
        "commission": "0.00", 
        "holding": 3, 
        "date_created": "2013-01-31T07:40:16.866Z", 
        "type": 5, 
        "quantity": "10.00000"
    }
},
{
    "pk": 18, 
    "model": "portfolios.transaction", 
    "fields": {
        "comment": "Initial purchase of $200", 
        "date_transacted": "2007-12-31T08:00:00Z", 
        "date_updated": "2013-02-07T18:31:02.024Z", 
        "value": "50.17", 
        "commission": "0.00", 
        "holding": 11, 
        "date_created": "2013-02-07T18:31:02.024Z", 
        "type": 5, 
        "quantity": "3.98678"
    }
},
{
    "pk": 19, 
    "model": "portfolios.transaction", 
    "fields": {
        "comment": "Dividend reinvestment $1.87 ($46.64)", 
        "date_transacted": "2008-01-29T08:00:00Z", 
        "date_updated": "2013-02-07T18:34:07.660Z", 
        "value": "0.00", 
        "commission": "0.00", 
        "holding": 11, 
        "date_created": "2013-02-07T18:34:07.660Z", 
        "type": 0, 
        "quantity": "0.04009"
    }
},
{
    "pk": 21, 
    "model": "portfolios.transaction", 
    "fields": {
        "comment": "Dividend reinvestment $1.89 ($46.60)", 
        "date_transacted": "2008-04-28T07:00:00Z", 
        "date_updated": "2013-02-07T18:35:54.299Z", 
        "value": "0.00", 
        "commission": "0.00", 
        "holding": 11, 
        "date_created": "2013-02-07T18:35:54.299Z", 
        "type": 0, 
        "quantity": "0.03970"
    }
},
{
    "pk": 22, 
    "model": "portfolios.transaction", 
    "fields": {
        "comment": "Dividend reinvestment $1.99 ($48.88)", 
        "date_transacted": "2008-07-29T07:00:00Z", 
        "date_updated": "2013-02-07T18:37:29.864Z", 
        "value": "0.00", 
        "commission": "0.00", 
        "holding": 11, 
        "date_created": "2013-02-07T18:37:29.864Z", 
        "type": 0, 
        "quantity": "0.04071"
    }
},
{
    "pk": 27, 
    "model": "portfolios.transaction", 
    "fields": {
        "comment": "Dividend reinvestment $2.01 ($38.28)", 
        "date_transacted": "2008-10-29T07:00:00Z", 
        "date_updated": "2013-02-07T18:39:37.628Z", 
        "value": "0.00", 
        "commission": "0.00", 
        "holding": 11, 
        "date_created": "2013-02-07T18:39:37.628Z", 
        "type": 0, 
        "quantity": "0.05250"
    }
},
{
    "pk": 28, 
    "model": "portfolios.transaction", 
    "fields": {
        "comment": "Dividend reinvestment $2.04 ($28.01)", 
        "date_transacted": "2009-01-28T08:00:00Z", 
        "date_updated": "2013-02-07T18:40:31.092Z", 
        "value": "0.00", 
        "commission": "0.00", 
        "holding": 11, 
        "date_created": "2013-02-07T18:40:31.092Z", 
        "type": 0, 
        "quantity": "0.07283"
    }
},
{
    "pk": 29, 
    "model": "portfolios.transaction", 
    "fields": {
        "comment": "Dividend reinvestment $2.07 ($33.70)", 
        "date_transacted": "2009-04-28T07:00:00Z", 
        "date_updated": "2013-02-07T18:41:25.062Z", 
        "value": "0.00", 
        "commission": "0.00", 
        "holding": 11, 
        "date_created": "2013-02-07T18:41:25.062Z", 
        "type": 0, 
        "quantity": "0.06142"
    }
},
{
    "pk": 30, 
    "model": "portfolios.transaction", 
    "fields": {
        "comment": "Dividend reinvestment $2.10 ($43.71)", 
        "date_transacted": "2009-07-29T07:00:00Z", 
        "date_updated": "2013-02-07T18:42:30.892Z", 
        "value": "0.00", 
        "commission": "0.00", 
        "holding": 11, 
        "date_created": "2013-02-07T18:42:30.892Z", 
        "type": 0, 
        "quantity": "0.04804"
    }
},
{
    "pk": 31, 
    "model": "portfolios.transaction", 
    "fields": {
        "comment": "Dividend reinvestment $2.13 (45.13)", 
        "date_transacted": "2009-10-28T07:00:00Z", 
        "date_updated": "2013-02-07T18:43:41.816Z", 
        "value": "0.00", 
        "commission": "0.00", 
        "holding": 11, 
        "date_created": "2013-02-07T18:43:41.816Z", 
        "type": 0, 
        "quantity": "0.04719"
    }
},
{
    "pk": 32, 
    "model": "portfolios.transaction", 
    "fields": {
        "comment": "Dividend reinvestment $2.15 ($44.27)", 
        "date_transacted": "2010-01-27T08:00:00Z", 
        "date_updated": "2013-02-07T18:44:39.529Z", 
        "value": "0.00", 
        "commission": "0.00", 
        "holding": 11, 
        "date_created": "2013-02-07T18:44:39.529Z", 
        "type": 0, 
        "quantity": "0.04856"
    }
},
{
    "pk": 33, 
    "model": "portfolios.transaction", 
    "fields": {
        "comment": "Dividend reinvestment $2.17 ($50.90)", 
        "date_transacted": "2010-04-28T07:00:00Z", 
        "date_updated": "2013-02-07T18:45:25.674Z", 
        "value": "0.00", 
        "commission": "0.00", 
        "holding": 11, 
        "date_created": "2013-02-07T18:45:25.674Z", 
        "type": 0, 
        "quantity": "0.04263"
    }
},
{
    "pk": 36, 
    "model": "portfolios.transaction", 
    "fields": {
        "comment": "Purchase of $500", 
        "date_transacted": "2010-05-31T07:00:00Z", 
        "date_updated": "2013-02-07T18:46:19.444Z", 
        "value": "48.97", 
        "commission": "0.00", 
        "holding": 11, 
        "date_created": "2013-02-07T18:46:19.444Z", 
        "type": 5, 
        "quantity": "10.21077"
    }
},
{
    "pk": 37, 
    "model": "portfolios.transaction", 
    "fields": {
        "comment": "Dividend reinvestment $7.20 ($49.43)", 
        "date_transacted": "2010-07-28T07:00:00Z", 
        "date_updated": "2013-02-07T18:47:10.775Z", 
        "value": "0.00", 
        "commission": "0.00", 
        "holding": 11, 
        "date_created": "2013-02-07T18:47:10.775Z", 
        "type": 0, 
        "quantity": "0.14564"
    }
},
{
    "pk": 38, 
    "model": "portfolios.transaction", 
    "fields": {
        "comment": "Dividend reinvestment $7.27 ($53.80)", 
        "date_transacted": "2010-10-27T07:00:00Z", 
        "date_updated": "2013-02-07T18:47:54.881Z", 
        "value": "0.00", 
        "commission": "0.00", 
        "holding": 11, 
        "date_created": "2013-02-07T18:47:54.881Z", 
        "type": 0, 
        "quantity": "0.13512"
    }
},
{
    "pk": 39, 
    "model": "portfolios.transaction", 
    "fields": {
        "comment": "Dividend reinvestment $7.34 ($54.75)", 
        "date_transacted": "2011-01-27T08:00:00Z", 
        "date_updated": "2013-02-07T18:48:48.712Z", 
        "value": "0.00", 
        "commission": "0.00", 
        "holding": 11, 
        "date_created": "2013-02-07T18:48:48.712Z", 
        "type": 0, 
        "quantity": "0.13407"
    }
},
{
    "pk": 40, 
    "model": "portfolios.transaction", 
    "fields": {
        "comment": "Purchase of $500", 
        "date_transacted": "2011-03-31T07:00:00Z", 
        "date_updated": "2013-02-07T18:49:43.706Z", 
        "value": "59.26", 
        "commission": "0.00", 
        "holding": 11, 
        "date_created": "2013-02-07T18:49:43.706Z", 
        "type": 5, 
        "quantity": "8.43739"
    }
},
{
    "pk": 41, 
    "model": "portfolios.transaction", 
    "fields": {
        "comment": "Dividend reinvestment $12.24 ($56.13)", 
        "date_transacted": "2011-04-27T07:00:00Z", 
        "date_updated": "2013-02-07T18:50:31.121Z", 
        "value": "0.00", 
        "commission": "0.00", 
        "holding": 11, 
        "date_created": "2013-02-07T18:50:31.121Z", 
        "type": 0, 
        "quantity": "0.21807"
    }
},
{
    "pk": 42, 
    "model": "portfolios.transaction", 
    "fields": {
        "comment": "Dividend reinvestment $12.36 (55.66)", 
        "date_transacted": "2011-07-27T07:00:00Z", 
        "date_updated": "2013-02-07T18:51:17.873Z", 
        "value": "0.00", 
        "commission": "0.00", 
        "holding": 11, 
        "date_created": "2013-02-07T18:51:17.873Z", 
        "type": 0, 
        "quantity": "0.22206"
    }
},
{
    "pk": 43, 
    "model": "portfolios.transaction", 
    "fields": {
        "comment": "Dividend revinestment $12.47 ($50.66)", 
        "date_transacted": "2011-10-27T07:00:00Z", 
        "date_updated": "2013-02-07T18:52:11.897Z", 
        "value": "0.00", 
        "commission": "0.00", 
        "holding": 11, 
        "date_created": "2013-02-07T18:52:11.897Z", 
        "type": 0, 
        "quantity": "0.24615"
    }
},
{
    "pk": 44, 
    "model": "portfolios.transaction", 
    "fields": {
        "comment": "Dividend reinvestment $12.60 ($52.56)", 
        "date_transacted": "2012-01-27T08:00:00Z", 
        "date_updated": "2013-02-07T18:53:18.887Z", 
        "value": "0.00", 
        "commission": "0.00", 
        "holding": 11, 
        "date_created": "2013-02-07T18:53:18.887Z", 
        "type": 0, 
        "quantity": "0.23974"
    }
},
{
    "pk": 45, 
    "model": "portfolios.transaction", 
    "fields": {
        "comment": "Dividend reinvestment $13.46 ($53.42)", 
        "date_transacted": "2012-04-26T07:00:00Z", 
        "date_updated": "2013-02-07T18:54:17.725Z", 
        "value": "0.00", 
        "commission": "0.00", 
        "holding": 11, 
        "date_created": "2013-02-07T18:54:17.725Z", 
        "type": 0, 
        "quantity": "0.25196"
    }
},
{
    "pk": 46, 
    "model": "portfolios.transaction", 
    "fields": {
        "comment": "Dividend reinvestment $13.60 ($50.13)", 
        "date_transacted": "2012-07-27T07:00:00Z", 
        "date_updated": "2013-02-07T18:55:11.291Z", 
        "value": "0.00", 
        "commission": "0.00", 
        "holding": 11, 
        "date_created": "2013-02-07T18:55:11.291Z", 
        "type": 0, 
        "quantity": "0.27132"
    }
},
{
    "pk": 47, 
    "model": "portfolios.transaction", 
    "fields": {
        "comment": "Purchase of $200", 
        "date_transacted": "2012-08-31T07:00:00Z", 
        "date_updated": "2013-02-07T18:55:58.326Z", 
        "value": "52.70", 
        "commission": "0.00", 
        "holding": 11, 
        "date_created": "2013-02-07T18:55:58.326Z", 
        "type": 5, 
        "quantity": "3.79477"
    }
},
{
    "pk": 48, 
    "model": "portfolios.transaction", 
    "fields": {
        "comment": "Dividend reinvestment $16.46 ($52.65)", 
        "date_transacted": "2012-10-29T07:00:00Z", 
        "date_updated": "2013-02-07T18:56:49.629Z", 
        "value": "0.00", 
        "commission": "0.00", 
        "holding": 11, 
        "date_created": "2013-02-07T18:56:49.629Z", 
        "type": 0, 
        "quantity": "0.31169"
    }
},
{
    "pk": 49, 
    "model": "portfolios.transaction", 
    "fields": {
        "comment": "Purchase of $200", 
        "date_transacted": "2012-11-30T08:00:00Z", 
        "date_updated": "2013-02-07T18:57:49.507Z", 
        "value": "54.71", 
        "commission": "0.00", 
        "holding": 11, 
        "date_created": "2013-02-07T18:57:49.507Z", 
        "type": 5, 
        "quantity": "3.65563"
    }
},
{
    "pk": 50, 
    "model": "portfolios.transaction", 
    "fields": {
        "comment": "Dividend reinvestment $18.67 ($57.40)", 
        "date_transacted": "2013-01-29T08:00:00Z", 
        "date_updated": "2013-02-07T18:58:44.187Z", 
        "value": "0.00", 
        "commission": "0.00", 
        "holding": 11, 
        "date_created": "2013-02-07T18:58:44.187Z", 
        "type": 0, 
        "quantity": "0.32527"
    }
},
{
    "pk": 51, 
    "model": "portfolios.transaction", 
    "fields": {
        "comment": null, 
        "date_transacted": "2013-03-08T22:19:26.992Z", 
        "date_updated": "2013-03-08T22:19:26.992Z", 
        "value": "46.89", 
        "commission": "0.00", 
        "holding": 26, 
        "date_created": "2013-03-08T22:19:26.992Z", 
        "type": 0, 
        "quantity": "50.00000"
    }
},
{
    "pk": 52, 
    "model": "portfolios.transaction", 
    "fields": {
        "comment": null, 
        "date_transacted": "2013-02-07T08:00:00Z", 
        "date_updated": "2013-02-07T08:00:00Z", 
        "value": "37.77", 
        "commission": "0.00", 
        "holding": 26, 
        "date_created": "2013-02-07T08:00:00Z", 
        "type": 0, 
        "quantity": "25.00000"
    }
},
{
    "pk": 53, 
    "model": "portfolios.transaction", 
    "fields": {
        "comment": null, 
        "date_transacted": "2012-11-28T08:00:00Z", 
        "date_updated": "2012-11-28T08:00:00Z", 
        "value": "41.56", 
        "commission": "0.00", 
        "holding": 26, 
        "date_created": "2012-11-28T08:00:00Z", 
        "type": 0, 
        "quantity": "25.00000"
    }
}
]
